<?xml version="1.0" encoding="UTF-8"?>
<metadata xml:lang="zh"><Esri><CreaDate>20241227</CreaDate><CreaTime>16480400</CreaTime><ArcGISFormat>1.0</ArcGISFormat><SyncOnce>TRUE</SyncOnce><DataProperties><itemProps><itemLocation><linkage Sync="TRUE">file://\\HP-PC\F$\长江监测相关图件\GIS数据\长江流域水系1-25\长江流域主要干支流（初步整理）\hydnt_hyd_长江干流和主要支流</linkage><protocol Sync="TRUE">Local Area Network</protocol></itemLocation></itemProps><copyHistory><copy source="F:\长江监测相关图件\GIS数据\长江流域水系1-25\hydnt_hyd_长江干流和主要支流" dest="\\HP-PC\F$\长江监测相关图件\GIS数据\长江流域水系1-25\长江流域主要干支流（初步整理）\hydnt_hyd_长江干流和主要支流" date="20200520" time="11355700"></copy></copyHistory></DataProperties></Esri></metadata>
